{"accuracy": [0.8412312865257263, 0.8869494199752808, 0.9061048626899719, 0.9151816964149475, 0.9260799884796143, 0.9322425127029419, 0.9396800398826599, 0.9444461464881897, 0.9489693641662598, 0.9541908502578735, 0.955769419670105, 0.9605051279067993, 0.9625998139381409, 0.9656051993370056, 0.9697034358978271, 0.9712212681770325, 0.9722534418106079, 0.9762302041053772, 0.9748945236206055, 0.9774141907691956, 0.9787195324897766, 0.9803284406661987, 0.981299877166748, 0.9818159937858582, 0.9830302596092224, 0.9840016961097717, 0.985124945640564, 0.9835159778594971, 0.9858838319778442, 0.9869463443756104, 0.9891321063041687, 0.9885856509208679, 0.9892231822013855, 0.9884034991264343, 0.9898606538772583, 0.9891321063041687, 0.987887442111969, 0.9898606538772583, 0.9901642203330994, 0.9909535050392151], "loss": [0.5515998601913452, 0.3716053366661072, 0.3072783052921295, 0.2673645615577698, 0.23266395926475525, 0.2049219012260437, 0.18171972036361694, 0.1611526757478714, 0.1487036794424057, 0.1320706307888031, 0.12181882560253143, 0.11378180235624313, 0.10572358965873718, 0.09739650785923004, 0.08642224222421646, 0.08482474833726883, 0.08300698548555374, 0.07004106789827347, 0.07307683676481247, 0.06685558706521988, 0.06221854314208031, 0.056316077709198, 0.05536238104104996, 0.05409085750579834, 0.049338795244693756, 0.04653359204530716, 0.04475357010960579, 0.05078377574682236, 0.04202495142817497, 0.04138157144188881, 0.03409299626946449, 0.03527013584971428, 0.03440525382757187, 0.036166828125715256, 0.03272054344415665, 0.034868091344833374, 0.038781192153692245, 0.03216836601495743, 0.03015889972448349, 0.029142839834094048], "val_accuracy": [0.875546395778656, 0.9032297134399414, 0.9112433195114136, 0.9247207641601562, 0.9289703965187073, 0.9369840025901794, 0.9458475112915039, 0.9481544494628906, 0.9452403783798218, 0.954103946685791, 0.9558038115501404, 0.9573822021484375, 0.9647887349128723, 0.9678241610527039, 0.9672170877456665, 0.968431293964386, 0.9742593765258789, 0.967338502407074, 0.9724380970001221, 0.9706168174743652, 0.9766877293586731, 0.980087399482727, 0.9804517030715942, 0.9785090088844299, 0.977173388004303, 0.9753521084785461, 0.9839727878570557, 0.982758641242981, 0.9838513731956482, 0.9854298233985901, 0.9848227500915527, 0.9854298233985901, 0.987008273601532, 0.9847013354301453, 0.9871296882629395, 0.9888295531272888, 0.9783875942230225, 0.9822729229927063, 0.9862797260284424, 0.9876153469085693], "val_loss": [0.40349870920181274, 0.31268006563186646, 0.27628690004348755, 0.23688369989395142, 0.2153446227312088, 0.18307729065418243, 0.1543353945016861, 0.14985330402851105, 0.15171962976455688, 0.1345018446445465, 0.12212850153446198, 0.11148028820753098, 0.09896357357501984, 0.08731526881456375, 0.09048763662576675, 0.08375341445207596, 0.07512217015028, 0.08631404489278793, 0.07589572668075562, 0.07667151838541031, 0.06357232481241226, 0.055238742381334305, 0.05536346510052681, 0.06255333125591278, 0.06535869836807251, 0.08566567301750183, 0.05114145204424858, 0.04553123936057091, 0.051366403698921204, 0.03988391533493996, 0.04484500363469124, 0.044817473739385605, 0.04207152873277664, 0.04550601914525032, 0.04350360482931137, 0.03380449861288071, 0.06959513574838638, 0.05531517416238785, 0.04359538480639458, 0.036082666367292404]}