{"accuracy": [0.3270392417907715, 0.6671018004417419, 0.710178792476654, 0.7208341956138611, 0.739686131477356, 0.7581737041473389, 0.7658237218856812, 0.7775720357894897, 0.7915970683097839, 0.8040435910224915, 0.818250834941864, 0.8313348293304443, 0.8383473753929138, 0.8442063331604004, 0.8468777537345886, 0.8520081639289856, 0.8555599451065063, 0.858049213886261, 0.8593849539756775, 0.8604474663734436, 0.8626635670661926, 0.8641510605812073, 0.866245687007904, 0.8682796359062195, 0.8695243000984192, 0.8720439672470093, 0.8727725148200989, 0.8753225207328796, 0.8771136403083801, 0.8764154314994812, 0.8791171908378601, 0.8796636462211609, 0.8820922374725342, 0.8824565410614014, 0.882942259311676, 0.8852493762969971, 0.8873136639595032, 0.8884369134902954, 0.8874351382255554, 0.8902583122253418], "loss": [1.9970238208770752, 1.7843668460845947, 1.517076849937439, 1.2238658666610718, 1.0371007919311523, 0.9440770745277405, 0.8917924165725708, 0.8328091502189636, 0.7835358381271362, 0.7366675734519958, 0.6889455318450928, 0.6519314050674438, 0.6186495423316956, 0.5903645157814026, 0.5683169960975647, 0.5505193471908569, 0.5348058342933655, 0.5186182856559753, 0.5057133436203003, 0.4967319965362549, 0.48133060336112976, 0.47498536109924316, 0.4680599272251129, 0.45871374011039734, 0.45230457186698914, 0.44088214635849, 0.4366838335990906, 0.4306429326534271, 0.4243473708629608, 0.4174228012561798, 0.411582350730896, 0.405673623085022, 0.4004727900028229, 0.395692378282547, 0.3926297724246979, 0.3867923617362976, 0.3797191381454468, 0.37768617272377014, 0.3698296546936035, 0.36948922276496887], "val_accuracy": [0.6720495223999023, 0.7224380970001221, 0.7249878644943237, 0.737008273601532, 0.763234555721283, 0.7652986645698547, 0.7759835124015808, 0.7909179329872131, 0.8088878393173218, 0.8218795657157898, 0.8425206542015076, 0.8506556749343872, 0.8553909659385681, 0.8573336601257324, 0.8574550747871399, 0.8615832924842834, 0.8627974987030029, 0.8647401928901672, 0.8649830222129822, 0.8659543395042419, 0.8694754838943481, 0.8721466660499573, 0.874453604221344, 0.8754249811172485, 0.8772462606430054, 0.8779747486114502, 0.8773676753044128, 0.8805245161056519, 0.8839242458343506, 0.8814958930015564, 0.8862311840057373, 0.8865954279899597, 0.8852598071098328, 0.884288489818573, 0.889873743057251, 0.8923020958900452, 0.8938805460929871, 0.8959446549415588, 0.8966731429100037, 0.8971588015556335], "val_loss": [1.864403247833252, 1.6155798435211182, 1.2993462085723877, 1.0522710084915161, 0.9280182123184204, 0.8753759264945984, 0.8185344934463501, 0.7641576528549194, 0.7191504240036011, 0.6720466017723083, 0.6290246844291687, 0.5946193933486938, 0.5673320293426514, 0.5448721647262573, 0.5270940661430359, 0.5105747580528259, 0.4955194592475891, 0.48383739590644836, 0.4714762270450592, 0.4639280438423157, 0.4519328474998474, 0.44770970940589905, 0.4390324056148529, 0.4331935942173004, 0.4204131066799164, 0.4154207706451416, 0.4092988967895508, 0.40277960896492004, 0.39640358090400696, 0.39483407139778137, 0.38751450181007385, 0.38033410906791687, 0.3805480897426605, 0.3804573118686676, 0.37038472294807434, 0.3627254068851471, 0.36054039001464844, 0.3546103537082672, 0.35298535227775574, 0.3475901484489441]}