{"accuracy": [0.22248868644237518, 0.5799155831336975, 0.7007680535316467, 0.7253878116607666, 0.7328860759735107, 0.737318217754364, 0.7515558004379272, 0.757323682308197, 0.76099693775177, 0.7667344808578491, 0.7709541320800781, 0.7762970328330994, 0.7832791805267334, 0.7922953367233276, 0.802707850933075, 0.8117240071296692, 0.8175829648971558, 0.8247776031494141, 0.8357973098754883, 0.8392884135246277, 0.8431134223937988, 0.8464527726173401, 0.8507027626037598, 0.8540724515914917, 0.8577456474304199, 0.8603867292404175, 0.8628457188606262, 0.8646975159645081, 0.8631492853164673, 0.864940345287323, 0.8651224970817566, 0.8644546270370483, 0.8674600124359131, 0.8690082430839539, 0.8717100024223328, 0.8715582489967346, 0.8721046447753906, 0.8717100024223328, 0.8725600242614746, 0.8739261031150818], "loss": [2.065863847732544, 1.890677809715271, 1.6931508779525757, 1.4267958402633667, 1.1587172746658325, 1.0433883666992188, 0.9793654680252075, 0.9254258275032043, 0.8863716125488281, 0.8525233864784241, 0.8185928463935852, 0.7927235960960388, 0.7621818780899048, 0.7366449236869812, 0.7106338143348694, 0.6871376037597656, 0.6627308130264282, 0.6384749412536621, 0.6119755506515503, 0.5907917618751526, 0.5667786598205566, 0.5503802299499512, 0.532457709312439, 0.5202822089195251, 0.5059934854507446, 0.4969874322414398, 0.48938271403312683, 0.4817969501018524, 0.4768121540546417, 0.4714817404747009, 0.465638667345047, 0.46105507016181946, 0.4533483386039734, 0.4483937919139862, 0.44266387820243835, 0.442181795835495, 0.4416496753692627, 0.4377126395702362, 0.4288930296897888, 0.4285839796066284], "val_accuracy": [0.5519669651985168, 0.698518693447113, 0.7283875942230225, 0.7348227500915527, 0.7374939322471619, 0.7432006001472473, 0.7612918615341187, 0.7637202739715576, 0.7680913209915161, 0.7745264768600464, 0.7779262065887451, 0.7870325446128845, 0.8005099296569824, 0.810223400592804, 0.8192083239555359, 0.8251578211784363, 0.8312287330627441, 0.8422778248786926, 0.8465274572372437, 0.848470151424408, 0.8502914309501648, 0.8533268570899963, 0.8598834276199341, 0.8643758893013, 0.8674113750457764, 0.8682612776756287, 0.8733608722686768, 0.87105393409729, 0.8703253865242004, 0.8739679455757141, 0.8739679455757141, 0.8726323246955872, 0.874210774898529, 0.8761534690856934, 0.878703236579895, 0.8782175779342651, 0.8766391277313232, 0.8796746134757996, 0.8799174427986145, 0.8818601369857788], "val_loss": [1.9428181648254395, 1.7578065395355225, 1.5077991485595703, 1.2010996341705322, 1.0337854623794556, 0.9703481793403625, 0.9106847643852234, 0.8744949698448181, 0.8394951820373535, 0.8050352931022644, 0.77681964635849, 0.7469414472579956, 0.7205819487571716, 0.6957379579544067, 0.6698613166809082, 0.6434420943260193, 0.61802077293396, 0.5927285552024841, 0.5726014971733093, 0.5503450036048889, 0.5293000340461731, 0.51236492395401, 0.5013129711151123, 0.4852868318557739, 0.4777657985687256, 0.46735259890556335, 0.46129924058914185, 0.45388445258140564, 0.45034781098365784, 0.44201815128326416, 0.43837034702301025, 0.4363420903682709, 0.4271194636821747, 0.42305245995521545, 0.4206472337245941, 0.42116522789001465, 0.42031213641166687, 0.4057561159133911, 0.4076089560985565, 0.39883437752723694]}