{"accuracy": [0.7039900422096252, 0.764995276927948, 0.8054378628730774, 0.838089108467102, 0.8571859002113342, 0.8654993176460266, 0.8729291558265686, 0.8772063851356506, 0.8821060657501221, 0.8856201767921448, 0.8892748951911926, 0.8941745758056641, 0.8979095816612244, 0.9015442132949829, 0.9033514857292175, 0.9068455100059509, 0.9098777174949646, 0.9119058847427368, 0.913371741771698, 0.916725218296051, 0.9184120297431946, 0.9191349148750305, 0.9229100942611694, 0.9241752028465271, 0.92544025182724, 0.9269463419914246, 0.9275286793708801, 0.9268659949302673, 0.9301391839981079, 0.9321271777153015, 0.9349585175514221, 0.9364445209503174, 0.9367256164550781, 0.9376091957092285, 0.937689483165741, 0.9378501772880554, 0.9423482418060303, 0.9436333775520325, 0.9418662786483765, 0.9448783993721008], "loss": [1.2203129529953003, 0.8033377528190613, 0.6579498648643494, 0.5450769662857056, 0.48394569754600525, 0.4474678039550781, 0.4198344945907593, 0.3963540494441986, 0.37835797667503357, 0.3606468737125397, 0.3496182858943939, 0.3326735496520996, 0.3229486048221588, 0.3085697889328003, 0.29868584871292114, 0.28801968693733215, 0.2808431088924408, 0.27280259132385254, 0.26685404777526855, 0.2596677243709564, 0.25160935521125793, 0.24449090659618378, 0.23863749206066132, 0.23294657468795776, 0.22935816645622253, 0.2231648564338684, 0.21741983294487, 0.22180622816085815, 0.2126912623643875, 0.20385035872459412, 0.196823850274086, 0.1926143914461136, 0.19107551872730255, 0.1844210922718048, 0.18551020324230194, 0.18123063445091248, 0.1707201600074768, 0.16723594069480896, 0.16846048831939697, 0.16085125505924225], "val_accuracy": [0.7573493719100952, 0.7853012084960938, 0.8324497938156128, 0.8611245155334473, 0.8725301027297974, 0.8776707053184509, 0.8797590136528015, 0.8865060210227966, 0.8905220627784729, 0.8930923938751221, 0.8967068195343018, 0.8999196887016296, 0.9031325578689575, 0.9046586155891418, 0.9077911376953125, 0.9125301241874695, 0.9132530093193054, 0.9139758944511414, 0.9187148809432983, 0.917831301689148, 0.9191164374351501, 0.9236144423484802, 0.9242570400238037, 0.9233735203742981, 0.9273895621299744, 0.9276305437088013, 0.9284337162971497, 0.9210441708564758, 0.9318875670433044, 0.9350200891494751, 0.935261070728302, 0.936465859413147, 0.9351807236671448, 0.9343774914741516, 0.935261070728302, 0.9404016137123108, 0.9423292875289917, 0.9420080184936523, 0.9424096345901489, 0.9436947703361511], "val_loss": [0.8462045192718506, 0.7010846734046936, 0.5657440423965454, 0.47673624753952026, 0.43505051732063293, 0.4064103364944458, 0.38459914922714233, 0.3626877963542938, 0.3429427742958069, 0.3331506550312042, 0.3208058476448059, 0.3073124587535858, 0.2969495356082916, 0.2901880741119385, 0.2807249426841736, 0.27424293756484985, 0.262390673160553, 0.2619491517543793, 0.2519921064376831, 0.24669739603996277, 0.24383428692817688, 0.2342863827943802, 0.22815680503845215, 0.23091425001621246, 0.22092382609844208, 0.22102303802967072, 0.21135962009429932, 0.22933009266853333, 0.20710261166095734, 0.19501860439777374, 0.192647784948349, 0.1874707043170929, 0.18860819935798645, 0.1928425431251526, 0.18550372123718262, 0.171840637922287, 0.1696237325668335, 0.1704200953245163, 0.16996152698993683, 0.16106021404266357]}