{"accuracy": [0.5682913064956665, 0.7467171549797058, 0.7918564081192017, 0.8106798529624939, 0.8281663656234741, 0.8396695852279663, 0.847744345664978, 0.8542571067810059, 0.8637217879295349, 0.8704066276550293, 0.8791432976722717, 0.8860399127006531, 0.8907259106636047, 0.8976887464523315, 0.9031822681427002, 0.910356879234314, 0.9156121015548706, 0.9216218590736389, 0.9230250120162964, 0.9243354797363281, 0.9265460968017578, 0.9352165460586548, 0.9399158358573914, 0.9417955279350281, 0.9154532551765442, 0.9331515431404114, 0.9405247569084167, 0.9450386762619019, 0.9486127495765686, 0.9500026702880859, 0.9530869722366333, 0.9519220590591431, 0.958567202091217, 0.9612411260604858, 0.9602218866348267, 0.9610028862953186, 0.9644975066184998, 0.9629884362220764, 0.9663242697715759, 0.9653314352035522], "loss": [1.3298983573913574, 0.7646076083183289, 0.6348043084144592, 0.5798736810684204, 0.5249515175819397, 0.4878104329109192, 0.45853322744369507, 0.4405345022678375, 0.407776802778244, 0.390805721282959, 0.3614910840988159, 0.3395400643348694, 0.3220270276069641, 0.30144959688186646, 0.2858234941959381, 0.26433849334716797, 0.25296881794929504, 0.23539693653583527, 0.23116528987884521, 0.2241715043783188, 0.22069838643074036, 0.19499309360980988, 0.18221768736839294, 0.17740404605865479, 0.2535060942173004, 0.1979743093252182, 0.17664295434951782, 0.16361914575099945, 0.1532072275876999, 0.14898689091205597, 0.14042437076568604, 0.140374556183815, 0.12328635901212692, 0.11707308143377304, 0.11735548824071884, 0.11658613383769989, 0.10430893301963806, 0.11037702858448029, 0.10160376876592636, 0.10516319423913956], "val_accuracy": [0.6881982088088989, 0.7766188383102417, 0.8249059915542603, 0.8338010311126709, 0.8460845947265625, 0.8466140627861023, 0.8591623902320862, 0.8639805316925049, 0.8738285303115845, 0.8821941018104553, 0.8909302949905396, 0.8933128714561462, 0.9003018140792847, 0.9025784730911255, 0.9140149354934692, 0.9184094667434692, 0.9233864545822144, 0.9251866340637207, 0.9269338846206665, 0.9316990375518799, 0.938105583190918, 0.9402234554290771, 0.9427118897438049, 0.9426589608192444, 0.922804057598114, 0.9456239938735962, 0.946365237236023, 0.9496479034423828, 0.9533541798591614, 0.9538836479187012, 0.9581722617149353, 0.9606607556343079, 0.9646847248077393, 0.9621433019638062, 0.9611372947692871, 0.966855525970459, 0.9681262373924255, 0.9690792560577393, 0.9681262373924255, 0.9708794355392456], "val_loss": [0.8972011208534241, 0.6531036496162415, 0.5504353642463684, 0.5111876726150513, 0.4703892767429352, 0.44890081882476807, 0.4191083312034607, 0.3996206820011139, 0.37242740392684937, 0.34809860587120056, 0.32779884338378906, 0.3093119263648987, 0.29051676392555237, 0.27504709362983704, 0.24708902835845947, 0.24477794766426086, 0.2192113697528839, 0.22286079823970795, 0.21082089841365814, 0.20163698494434357, 0.17921066284179688, 0.17145173251628876, 0.16969723999500275, 0.16767732799053192, 0.2239038199186325, 0.15890182554721832, 0.15332084894180298, 0.14394991099834442, 0.13767418265342712, 0.13339613378047943, 0.12323769181966782, 0.11546097695827484, 0.10083458572626114, 0.10553563386201859, 0.12074998766183853, 0.0950140431523323, 0.09167668223381042, 0.09185849875211716, 0.09712520241737366, 0.09138695150613785]}