{"accuracy": [0.4347609579563141, 0.6560533046722412, 0.6764423251152039, 0.6854751706123352, 0.68995600938797, 0.6957170963287354, 0.7008736729621887, 0.7085788249969482, 0.7179198265075684, 0.7320143580436707, 0.7466067671775818, 0.7556277513504028, 0.7639137506484985, 0.7696985602378845, 0.7751158475875854, 0.77851802110672, 0.7824891209602356, 0.7861283421516418, 0.7887243628501892, 0.7903246879577637, 0.7949003577232361, 0.797200083732605, 0.7998316884040833, 0.8005310893058777, 0.8036368489265442, 0.8043362498283386, 0.8084732890129089, 0.8104885220527649, 0.8133808970451355, 0.8144240975379944, 0.8153961300849915, 0.818324089050293, 0.81965172290802, 0.8202800154685974, 0.8226152658462524, 0.824428915977478, 0.8260884881019592, 0.8266574740409851, 0.8290520310401917, 0.8296684622764587], "loss": [1.9142014980316162, 1.463226318359375, 1.1787949800491333, 1.0784271955490112, 1.0234806537628174, 0.970901608467102, 0.9273258447647095, 0.8851701021194458, 0.8517566919326782, 0.8178539872169495, 0.7868886590003967, 0.762010931968689, 0.7403631806373596, 0.720836341381073, 0.7040382027626038, 0.690444827079773, 0.676660418510437, 0.6650359034538269, 0.6546811461448669, 0.6466327905654907, 0.6367611289024353, 0.628046989440918, 0.6207408905029297, 0.6135849356651306, 0.6074520349502563, 0.603486180305481, 0.592986524105072, 0.5846325755119324, 0.5791847705841064, 0.5726038813591003, 0.5686811208724976, 0.5603059530258179, 0.5578975677490234, 0.5494669675827026, 0.5436111688613892, 0.5378380417823792, 0.5332581996917725, 0.5285517573356628, 0.5227837562561035, 0.518524169921875], "val_accuracy": [0.6524893045425415, 0.6734945178031921, 0.6870554685592651, 0.6915599703788757, 0.6965860724449158, 0.7037458419799805, 0.7110953330993652, 0.7196775674819946, 0.7337126731872559, 0.7521100044250488, 0.7662399411201477, 0.7711711525917053, 0.7734471559524536, 0.7796586155891418, 0.7813655734062195, 0.7848743200302124, 0.7891417741775513, 0.7899004220962524, 0.7965860366821289, 0.7979137301445007, 0.8036984205245972, 0.806353747844696, 0.8102418184280396, 0.8091038465499878, 0.8103366494178772, 0.8125652074813843, 0.8161687850952148, 0.8189663290977478, 0.8182551264762878, 0.8208629488945007, 0.8220957517623901, 0.8244665861129761, 0.8235182762145996, 0.8265054821968079, 0.8278331160545349, 0.827690839767456, 0.8286865949630737, 0.8317686319351196, 0.833001434803009, 0.8324798345565796], "val_loss": [1.6528856754302979, 1.2149909734725952, 1.0876520872116089, 1.0162397623062134, 0.9648265242576599, 0.9166061878204346, 0.8759093284606934, 0.8402464389801025, 0.8055921196937561, 0.7736541032791138, 0.7453495264053345, 0.7225058674812317, 0.703281581401825, 0.6851071715354919, 0.6712652444839478, 0.6563372611999512, 0.6439260840415955, 0.6335105299949646, 0.626329243183136, 0.616133987903595, 0.6074362993240356, 0.5987377166748047, 0.594205915927887, 0.5879027843475342, 0.5845942497253418, 0.5746063590049744, 0.5652920007705688, 0.5582262873649597, 0.5552470088005066, 0.549457311630249, 0.5420454144477844, 0.5390451550483704, 0.5367929339408875, 0.5271744728088379, 0.5217841267585754, 0.5163256525993347, 0.5125178098678589, 0.5070244669914246, 0.5021800994873047, 0.4999743402004242]}