{
    "window_size": [
        10,
        20,
        30,
        40,
        50,
        60,
        70,
        80
    ],
    "train_accuracy": [
        0.8380235795959476,
        0.8674013508709563,
        0.8970666666666667,
        0.9115904242711543,
        0.9274074074074075,
        0.9423897581792319,
        0.958091286307054,
        0.963472485768501
    ],
    "test_accuracy": [
        0.7933649289099526,
        0.8033175355450237,
        0.8187633262260128,
        0.790521327014218,
        0.8104265402843602,
        0.829302987197724,
        0.8606965174129353,
        0.8409090909090909
    ]
}