{"accuracy": [0.31673306226730347, 0.6525564193725586, 0.6880810260772705, 0.7084163427352905, 0.7158864736557007, 0.7224435806274414, 0.7241865992546082, 0.7320716977119446, 0.7420318722724915, 0.7527390718460083, 0.7651892304420471, 0.7729913592338562, 0.7766434550285339, 0.7855245471000671, 0.7871015667915344, 0.7989707589149475, 0.8004648089408875, 0.8025398254394531, 0.8040338754653931, 0.8096779584884644, 0.8159030675888062, 0.818061113357544, 0.8203021287918091, 0.8226261734962463, 0.823954164981842, 0.8313413262367249, 0.828768253326416, 0.8347443342208862, 0.8374003767967224, 0.8386453986167908, 0.8395584225654602, 0.838396430015564, 0.8351593613624573, 0.842463493347168, 0.8429614901542664, 0.8426294922828674, 0.8476925492286682, 0.8504316210746765, 0.8558266758918762, 0.853502631187439], "loss": [1.9456210136413574, 1.4359922409057617, 1.1499792337417603, 1.0399781465530396, 0.9816906452178955, 0.9330239295959473, 0.8862329125404358, 0.8350421786308289, 0.7978562712669373, 0.7643224596977234, 0.7316272258758545, 0.7064222097396851, 0.6867470145225525, 0.6693400740623474, 0.6514925956726074, 0.631068766117096, 0.6109768152236938, 0.6075233817100525, 0.5979188680648804, 0.5737041234970093, 0.5564625263214111, 0.5493968725204468, 0.5482404828071594, 0.5374799966812134, 0.52292799949646, 0.5144343376159668, 0.5152304768562317, 0.5021096467971802, 0.4983377158641815, 0.48907050490379333, 0.48250824213027954, 0.48168641328811646, 0.48494911193847656, 0.4669986665248871, 0.4672811031341553, 0.466961532831192, 0.4537266790866852, 0.4441104829311371, 0.4301307499408722, 0.4309265613555908], "val_accuracy": [0.6042496562004089, 0.6663346886634827, 0.691567063331604, 0.7048472762107849, 0.7108233571052551, 0.7114874124526978, 0.7151394486427307, 0.7347277402877808, 0.7363877892494202, 0.7446879148483276, 0.7543160915374756, 0.7583001255989075, 0.7765604257583618, 0.7775564193725586, 0.79216468334198, 0.798804759979248, 0.7978087663650513, 0.7901726365089417, 0.7984727621078491, 0.8071048855781555, 0.8094289302825928, 0.8094289302825928, 0.808432936668396, 0.8177290558815002, 0.8203850984573364, 0.8233731985092163, 0.8253651857376099, 0.8237051963806152, 0.8276892304420471, 0.8263612389564514, 0.8273572325706482, 0.8157370686531067, 0.8323373198509216, 0.8330013155937195, 0.8253651857376099, 0.8336653113365173, 0.8403054475784302, 0.8429614901542664, 0.8393094539642334, 0.8429614901542664], "val_loss": [1.6820403337478638, 1.1934447288513184, 1.0711734294891357, 1.0008350610733032, 0.9551569223403931, 0.9089016914367676, 0.8641267418861389, 0.8112092614173889, 0.7803464531898499, 0.7523682713508606, 0.7297863364219666, 0.7097271680831909, 0.6914621591567993, 0.6731392741203308, 0.6532524824142456, 0.6353176236152649, 0.6163949966430664, 0.6570695638656616, 0.6038626432418823, 0.582767903804779, 0.582240104675293, 0.5808457732200623, 0.5761836767196655, 0.5646386742591858, 0.5553357601165771, 0.5413104295730591, 0.5484879016876221, 0.5448222756385803, 0.5346749424934387, 0.5258409380912781, 0.5166110992431641, 0.5325160026550293, 0.5120914578437805, 0.5106893181800842, 0.5120573043823242, 0.500001847743988, 0.4998917877674103, 0.4887118935585022, 0.48155534267425537, 0.4852859079837799]}