{"accuracy": [0.8462706208229065, 0.8850976228713989, 0.9010959267616272, 0.9148781299591064, 0.9235299229621887, 0.9296925067901611, 0.9361282587051392, 0.9408336281776428, 0.9462068676948547, 0.9498193860054016, 0.9528247714042664, 0.9563765525817871, 0.9621444344520569, 0.9640569686889648, 0.9653926491737366, 0.9690051674842834, 0.9699159264564514, 0.9734677076339722, 0.9750462770462036, 0.9763516783714294], "loss": [0.5447182059288025, 0.378783255815506, 0.321269690990448, 0.2689734995365143, 0.2392653524875641, 0.21766115725040436, 0.19376401603221893, 0.17589598894119263, 0.1591418832540512, 0.14580285549163818, 0.13940151035785675, 0.12730306386947632, 0.11224126070737839, 0.10578100383281708, 0.10036928951740265, 0.09159628301858902, 0.0863320603966713, 0.0778520256280899, 0.07242394983768463, 0.07205654680728912], "val_accuracy": [0.8835600018501282, 0.8882952928543091, 0.9096648693084717, 0.9218066930770874, 0.9241136312484741, 0.9356483817100525, 0.9338271021842957, 0.9417192935943604, 0.9465759992599487, 0.9504613876342773, 0.9558038115501404, 0.957503616809845, 0.9581107497215271, 0.963088870048523, 0.9663671851158142, 0.9707382321357727, 0.9663671851158142, 0.9687955379486084, 0.9701311588287354, 0.9757163524627686], "val_loss": [0.38208040595054626, 0.3533902168273926, 0.27863726019859314, 0.2524561882019043, 0.22848694026470184, 0.19918465614318848, 0.1915842741727829, 0.1738736629486084, 0.15615321695804596, 0.14771497249603271, 0.13145549595355988, 0.12285575270652771, 0.12240032106637955, 0.10457262396812439, 0.09701390564441681, 0.08418121188879013, 0.09242727607488632, 0.08567032217979431, 0.08539776504039764, 0.06819023191928864]}